name,email,company,role,industry
John Smith,john.smith@techcorp.com,TechCorp Solutions,VP of Engineering,Technology
Sarah Johnson,sarah.j@marketpro.com,MarketPro Agency,Marketing Director,Marketing
Michael Chen,mchen@financeplus.com,FinancePlus Inc,CFO,Finance
Emily Rodriguez,emily.r@healthsys.com,HealthSys Medical,Head of Operations,Healthcare
David Brown,dbrown@retailmax.com,RetailMax Group,CEO,Retail
Lisa Wang,lwang@edutech.com,EduTech Learning,Product Manager,Education
James Wilson,jwilson@manufact.com,Manufact Industries,Operations Manager,Manufacturing
Anna Martinez,anna.m@consulting.com,Global Consulting,Senior Consultant,Consulting
Robert Taylor,rtaylor@logistics.com,FastLogistics Co,Supply Chain Director,Logistics
Jennifer Lee,jlee@startup.com,InnovateLab,CTO,Technology
Tom Anderson,tanderson@realestate.com,Premier Properties,Sales Director,Real Estate
Maria Garcia,mgarcia@foodservice.com,FoodService Plus,Regional Manager,Food & Beverage
Kevin Patel,kpatel@insurance.com,SecureLife Insurance,VP of Sales,Insurance
Amanda White,awhite@construction.com,BuildRight Contractors,Project Manager,Construction
Daniel Kim,dkim@software.com,CloudSoft Systems,VP of Product,Technology
Rachel Brown,rbrown@nonprofit.com,Community First Org,Executive Director,Non-Profit
Christopher Lee,clee@automotive.com,AutoDrive Corp,Engineering Lead,Automotive
Michelle Davis,mdavis@pharma.com,BioPharma Solutions,R&D Director,Pharmaceutical
Steven Clark,sclark@energy.com,GreenEnergy Systems,Sustainability Officer,Energy
Jessica Miller,jmiller@telecom.com,ConnectTel Networks,Customer Success Manager,Telecommunications
Andrew Wilson,awilson@media.com,MediaWorks Studio,Creative Director,Media & Entertainment
Laura Thompson,lthompson@fashion.com,StyleHub Retail,Merchandising Manager,Fashion & Apparel
Brian Martinez,bmartinez@hospitality.com,Luxury Hotels Group,General Manager,Hospitality
Olivia Johnson,ojohnson@aerospace.com,AeroTech Industries,Quality Assurance Lead,Aerospace
Nathan Davis,ndavis@agriculture.com,AgriGrow Solutions,Farm Operations Manager,Agriculture